<?xml version="1.0" encoding="UTF-8"?>

<!DOCTYPE mapper PUBLIC "-//mybatis.org//DTD Mapper 3.0//EN"
        "http://mybatis.org/dtd/mybatis-3-mapper.dtd">
<mapper namespace="com.ezen.spring.board.teampro.cart.CartMapper">

<insert id="getcart" parameterType="com.ezen.spring.board.teampro.cart.BookVO">
INSERT INTO cart (userid, bname, price, quantity, cvrimg, name)
SELECT #{userid},#{bname}, b.price, #{quantity}, b.cvrimg, f.name
FROM book b, fairymem f
WHERE f.userid = #{userid}
  AND b.bname = #{bname}
</insert>

<update id="updatequantity" parameterType="com.ezen.spring.board.teampro.cart.BookVO">
  UPDATE cart SET
  quantity = quantity + #{quantity}
  WHERE userid = #{userid} AND bname = #{bname}
</update>

<select id="getlist" resultType="com.ezen.spring.board.teampro.cart.BookVO" parameterType="String">
  SELECT bname,cvrimg, name, userid, SUM(quantity) AS totalQuantity, SUM(quantity * price) AS totalPrice
  FROM cart
  WHERE userid = #{userid}
  GROUP BY bname, cvrimg, name, userid
</select>

<update id="quantityUpdate" parameterType="com.ezen.spring.board.teampro.cart.BookVO">
  UPDATE cart SET quantity = #{quantity} WHERE bname = #{bname}
</update>

<delete id="getdelete" parameterType="java.util.List">
DELETE FROM test.cart WHERE bname = #{bname}
</delete>

<delete id="getdeleteAll" parameterType="java.util.List">
DELETE FROM test.cart 
</delete>

<select id="getbeylist" resultType="com.ezen.spring.board.teampro.cart.BookVO" parameterType="String">
  SELECT bname, cvrimg, name, SUM(quantity) AS totalQuantity, SUM(quantity * price) AS totalPrice
FROM cart 
WHERE bname = #{bname}
AND userid = #{userid}
GROUP BY bname, cvrimg,name
</select>

<insert id="boughtbook" parameterType="java.util.Map">
    INSERT INTO boughtbook (bnum,userid, bname, price, quantity, cvrimg)
    SELECT bnum,#{userid}, #{bname}, price, #{quantity} ,cvrimg
    FROM book
    WHERE bname = #{bname}
    
</insert>

<select id="buylist" resultType="com.ezen.spring.board.teampro.cart.BookVO" parameterType="String">
SELECT MAX(bnum) AS bnum, userid, bname, MAX(quantity) AS quantity, MAX(price) AS price, MAX(cvrimg) AS cvrimg
FROM boughtbook
WHERE userid = #{userid}
GROUP BY userid, bname

</select>
</mapper>