<?xml version="1.0" encoding="UTF-8"?>  
<!DOCTYPE mapper PUBLIC "-//mybatis.org//DTD Mapper 3.0//EN"
        "http://mybatis.org/dtd/mybatis-3-mapper.dtd">  
<mapper namespace="com.ezen.spring.board.teampro.FairyMapper">
	<insert id="addfairyMem"
	  parameterType="com.ezen.spring.board.teampro.MemberVO">
	  INSERT INTO fairymem (fnum, userid, pass, name, phone, email, birth, gender, agrStipulation1, agrStipulation2, agrStipulation3, number) 
	  VALUES(NULL, #{userid}, #{pass}, #{name}, #{phone}, #{email}, #{birth}, #{gender}, #{agrStipulation1}, #{agrStipulation2}, #{agrStipulation3}, NULL)
	</insert>
  
    <select id="joinIdCheck" 
      parameterType="com.ezen.spring.board.teampro.MemberVO" resultType="Integer">
      SELECT COUNT(*) FROM fairymem WHERE userid = #{userid}
    </select>

    <select id="joinEmailCheck" 
      parameterType="com.ezen.spring.board.teampro.MemberVO" resultType="Integer">
      SELECT COUNT(*) FROM fairymem WHERE email = #{email}
    </select> 
    
    <select id="loginCheck" parameterType="com.ezen.spring.board.teampro.MemberVO" resultType="Integer">
     <!-- 대소문자 구분 없이 로그인시: SELECT COUNT(*) FROM fairymem WHERE userid = #{userid} AND pass = #{pass} -->
     <!--  SELECT COUNT(*) FROM fairymem WHERE BINARY userid = #{userid} AND BINARY pass = #{pass}
      또는 -->
      SELECT COUNT(*) FROM fairymem WHERE userid = #{userid} AND pass = BINARY #{pass}
    </select>
    
    <select id="adminLoginCheck" parameterType="com.ezen.spring.board.teampro.MemberVO" resultType="Integer">
      SELECT COUNT(*) FROM fairymem WHERE userid = #{userid} AND pass = BINARY #{pass} AND number=9
    </select>
     
     <select id="getJoinedMem" parameterType="string" resultType="com.ezen.spring.board.teampro.MemberVO">
      SELECT * FROM fairymem WHERE userid = #{uid}
     </select>
    
    <update id="updatedMem"
		parameterType="com.ezen.spring.board.teampro.MemberVO">
		UPDATE fairymem SET pass=#{pass}, phone=#{phone}, email=#{email}, agrStipulation3=#{agrStipulation3} WHERE fnum=#{fnum}
	</update>
    
</mapper>